,state,case_type,age_group,count,state_agegroup
0,Alaska,G+C+Joint,Adults+Minors,1171,Adults+MinorsAlaska
1,Alaska,G+C+Joint,Adults+Minors,1084,Adults+MinorsAlaska
2,Alaska,G+C+Joint,Adults+Minors,1227,Adults+MinorsAlaska
3,Alaska,G+C+Joint,Adults+Minors,1090,Adults+MinorsAlaska
4,Arizona,Guardianship ONLY,Adults ONLY,2520,Adults ONLYArizona
5,Arizona,Guardianship ONLY,Minors ONLY,2871,Minors ONLYArizona
6,Arizona,Conservatorship ONLY,Adults ONLY,3485,Adults ONLYArizona
7,Arizona,Conservatorship ONLY,Minors ONLY,1365,Minors ONLYArizona
8,Arizona,Guardianship ONLY,Adults ONLY,2383,Adults ONLYArizona
9,Arizona,Guardianship ONLY,Minors ONLY,3608,Minors ONLYArizona
10,Arizona,Conservatorship ONLY,Adults ONLY,4003,Adults ONLYArizona
11,Arizona,Conservatorship ONLY,Minors ONLY,1334,Minors ONLYArizona
12,Arizona,Guardianship ONLY,Adults ONLY,2800,Adults ONLYArizona
13,Arizona,Guardianship ONLY,Minors ONLY,3785,Minors ONLYArizona
14,Arizona,Conservatorship ONLY,Adults ONLY,4554,Adults ONLYArizona
15,Arizona,Conservatorship ONLY,Minors ONLY,1361,Minors ONLYArizona
16,Arkansas,G+C+Joint,Adults ONLY,1110,Adults ONLYArkansas
17,Arkansas,G+C+Joint,Minors ONLY,2439,Minors ONLYArkansas
18,Arkansas,G+C+Joint,Adults+Minors,133,Adults+MinorsArkansas
19,Arkansas,G+C+Joint,Adults ONLY,1164,Adults ONLYArkansas
20,Arkansas,G+C+Joint,Minors ONLY,2692,Minors ONLYArkansas
21,Arkansas,G+C+Joint,Adults+Minors,141,Adults+MinorsArkansas
22,Arkansas,G+C+Joint,Adults ONLY,1153,Adults ONLYArkansas
23,Arkansas,G+C+Joint,Minors ONLY,2617,Minors ONLYArkansas
24,Arkansas,G+C+Joint,Adults+Minors,146,Adults+MinorsArkansas
25,Arkansas,G+C+Joint,Adults ONLY,1168,Adults ONLYArkansas
26,Arkansas,G+C+Joint,Minors ONLY,2789,Minors ONLYArkansas
27,Arkansas,G+C+Joint,Adults+Minors,160,Adults+MinorsArkansas
28,California,G+C+Joint,Adults+Minors,15001,Adults+MinorsCalifornia
29,California,G+C+Joint,Adults+Minors,16634,Adults+MinorsCalifornia
30,California,G+C+Joint,Adults+Minors,16821,Adults+MinorsCalifornia
31,California,G+C+Joint,Adults+Minors,15923,Adults+MinorsCalifornia
32,California,G+C+Joint,Adults+Minors,15529,Adults+MinorsCalifornia
33,Colorado,Guardianship ONLY,Adults ONLY,826,Adults ONLYColorado
34,Colorado,Conservatorship ONLY,Adults ONLY,199,Adults ONLYColorado
35,Colorado,Joint G/C ONLY,Adults ONLY,468,Adults ONLYColorado
36,Colorado,Guardianship ONLY,Minors ONLY,869,Minors ONLYColorado
37,Colorado,Conservatorship ONLY,Minors ONLY,327,Minors ONLYColorado
38,Colorado,Joint G/C ONLY,Minors ONLY,51,Minors ONLYColorado
39,Colorado,Guardianship ONLY,Adults ONLY,934,Adults ONLYColorado
40,Colorado,Conservatorship ONLY,Adults ONLY,235,Adults ONLYColorado
41,Colorado,Joint G/C ONLY,Adults ONLY,483,Adults ONLYColorado
42,Colorado,Guardianship ONLY,Minors ONLY,950,Minors ONLYColorado
43,Colorado,Conservatorship ONLY,Minors ONLY,318,Minors ONLYColorado
44,Colorado,Joint G/C ONLY,Minors ONLY,35,Minors ONLYColorado
45,Colorado,Guardianship ONLY,Adults ONLY,910,Adults ONLYColorado
46,Colorado,Conservatorship ONLY,Adults ONLY,243,Adults ONLYColorado
47,Colorado,Joint G/C ONLY,Adults ONLY,492,Adults ONLYColorado
48,Colorado,Guardianship ONLY,Minors ONLY,931,Minors ONLYColorado
49,Colorado,Conservatorship ONLY,Minors ONLY,340,Minors ONLYColorado
50,Colorado,Joint G/C ONLY,Minors ONLY,27,Minors ONLYColorado
51,Colorado,Guardianship ONLY,Adults ONLY,823,Adults ONLYColorado
52,Colorado,Conservatorship ONLY,Adults ONLY,213,Adults ONLYColorado
53,Colorado,Joint G/C ONLY,Adults ONLY,506,Adults ONLYColorado
54,Colorado,Guardianship ONLY,Minors ONLY,1068,Minors ONLYColorado
55,Colorado,Conservatorship ONLY,Minors ONLY,403,Minors ONLYColorado
56,Colorado,Joint G/C ONLY,Minors ONLY,42,Minors ONLYColorado
57,Colorado,Guardianship ONLY,Adults ONLY,838,Adults ONLYColorado
58,Colorado,Conservatorship ONLY,Adults ONLY,210,Adults ONLYColorado
59,Colorado,Joint G/C ONLY,Adults ONLY,531,Adults ONLYColorado
60,Colorado,Guardianship ONLY,Minors ONLY,897,Minors ONLYColorado
61,Colorado,Conservatorship ONLY,Minors ONLY,435,Minors ONLYColorado
62,Colorado,Joint G/C ONLY,Minors ONLY,39,Minors ONLYColorado
63,Connecticut,G+C+Joint,Adults ONLY,4700,Adults ONLYConnecticut
64,Delaware,G+C+Joint,Adults+Minors,1574,Adults+MinorsDelaware
65,Delaware,G+C+Joint,Adults+Minors,1744,Adults+MinorsDelaware
66,Delaware,G+C+Joint,Adults+Minors,2018,Adults+MinorsDelaware
67,Delaware,G+C+Joint,Adults+Minors,1917,Adults+MinorsDelaware
68,District of Columbia,G+C+Joint,Adults ONLY,361,Adults ONLYDistrict of Columbia
69,District of Columbia,G+C+Joint,Adults ONLY,34,Adults ONLYDistrict of Columbia
70,District of Columbia,Conservatorship ONLY,Minors ONLY,25,Minors ONLYDistrict of Columbia
71,District of Columbia,Conservatorship ONLY,Minors ONLY,1,Minors ONLYDistrict of Columbia
72,District of Columbia,G+C+Joint,Adults ONLY,544,Adults ONLYDistrict of Columbia
73,District of Columbia,G+C+Joint,Adults ONLY,31,Adults ONLYDistrict of Columbia
74,District of Columbia,Conservatorship ONLY,Minors ONLY,33,Minors ONLYDistrict of Columbia
75,District of Columbia,Conservatorship ONLY,Minors ONLY,0,Minors ONLYDistrict of Columbia
76,District of Columbia,G+C+Joint,Adults ONLY,527,Adults ONLYDistrict of Columbia
77,District of Columbia,G+C+Joint,Adults ONLY,44,Adults ONLYDistrict of Columbia
78,District of Columbia,Conservatorship ONLY,Minors ONLY,19,Minors ONLYDistrict of Columbia
79,District of Columbia,Conservatorship ONLY,Minors ONLY,1,Minors ONLYDistrict of Columbia
80,Florida,G+C+Joint,Adults+Minors,7876,Adults+MinorsFlorida
81,Florida,G+C+Joint,Adults+Minors,7906,Adults+MinorsFlorida
82,Florida,G+C+Joint,Adults+Minors,7317,Adults+MinorsFlorida
83,Hawaii,Guardianship ONLY,Adults+Minors,544,Adults+MinorsHawaii
84,Hawaii,Conservatorship ONLY,Adults+Minors,130,Adults+MinorsHawaii
85,Hawaii,Joint G/C ONLY,Adults+Minors,73,Adults+MinorsHawaii
86,Hawaii,Guardianship ONLY,Adults+Minors,539,Adults+MinorsHawaii
87,Hawaii,Conservatorship ONLY,Adults+Minors,156,Adults+MinorsHawaii
88,Hawaii,Joint G/C ONLY,Adults+Minors,74,Adults+MinorsHawaii
89,Hawaii,Guardianship ONLY,Adults+Minors,507,Adults+MinorsHawaii
90,Hawaii,Conservatorship ONLY,Adults+Minors,163,Adults+MinorsHawaii
91,Hawaii,Joint G/C ONLY,Adults+Minors,79,Adults+MinorsHawaii
92,Hawaii,Guardianship ONLY,Adults+Minors,531,Adults+MinorsHawaii
93,Hawaii,Conservatorship ONLY,Adults+Minors,181,Adults+MinorsHawaii
94,Hawaii,Joint G/C ONLY,Adults+Minors,58,Adults+MinorsHawaii
95,Idaho,Guardianship ONLY,Minors ONLY,568,Minors ONLYIdaho
96,Idaho,Guardianship ONLY,Adults ONLY,168,Adults ONLYIdaho
97,Idaho,Conservatorship ONLY,Minors ONLY,42,Minors ONLYIdaho
98,Idaho,Conservatorship ONLY,Adults ONLY,26,Adults ONLYIdaho
99,Idaho,Joint G/C ONLY,Minors ONLY,61,Minors ONLYIdaho
100,Idaho,Joint G/C ONLY,Adults ONLY,400,Adults ONLYIdaho
101,Idaho,Guardianship ONLY,Minors ONLY,621,Minors ONLYIdaho
102,Idaho,Guardianship ONLY,Adults ONLY,170,Adults ONLYIdaho
103,Idaho,Conservatorship ONLY,Minors ONLY,42,Minors ONLYIdaho
104,Idaho,Conservatorship ONLY,Adults ONLY,27,Adults ONLYIdaho
105,Idaho,Joint G/C ONLY,Minors ONLY,49,Minors ONLYIdaho
106,Idaho,Joint G/C ONLY,Adults ONLY,424,Adults ONLYIdaho
107,Idaho,Guardianship ONLY,Minors ONLY,620,Minors ONLYIdaho
108,Idaho,Guardianship ONLY,Adults ONLY,174,Adults ONLYIdaho
109,Idaho,Conservatorship ONLY,Minors ONLY,68,Minors ONLYIdaho
110,Idaho,Conservatorship ONLY,Adults ONLY,30,Adults ONLYIdaho
111,Idaho,Joint G/C ONLY,Minors ONLY,61,Minors ONLYIdaho
112,Idaho,Joint G/C ONLY,Adults ONLY,408,Adults ONLYIdaho
113,Indiana,G+C+Joint,Adults+Minors,8061,Adults+MinorsIndiana
114,Indiana,G+C+Joint,Adults+Minors,8301,Adults+MinorsIndiana
115,Indiana,G+C+Joint,Adults+Minors,8637,Adults+MinorsIndiana
116,Indiana,G+C+Joint,Adults+Minors,8108,Adults+MinorsIndiana
117,Kansas,Guardianship ONLY,Adults ONLY,472,Adults ONLYKansas
118,Kansas,Joint G/C ONLY,Adults ONLY,670,Adults ONLYKansas
119,Kansas,Guardianship ONLY,Minors ONLY,488,Minors ONLYKansas
120,Kansas,Joint G/C ONLY,Minors ONLY,316,Minors ONLYKansas
121,Kansas,Conservatorship ONLY,Adults+Minors,120,Adults+MinorsKansas
122,Kansas,Guardianship ONLY,Adults ONLY,438,Adults ONLYKansas
123,Kansas,Joint G/C ONLY,Adults ONLY,648,Adults ONLYKansas
124,Kansas,Guardianship ONLY,Minors ONLY,519,Minors ONLYKansas
125,Kansas,Joint G/C ONLY,Minors ONLY,292,Minors ONLYKansas
126,Kansas,Conservatorship ONLY,Adults+Minors,101,Adults+MinorsKansas
127,Kansas,Guardianship ONLY,Adults ONLY,420,Adults ONLYKansas
128,Kansas,Joint G/C ONLY,Adults ONLY,546,Adults ONLYKansas
129,Kansas,Guardianship ONLY,Minors ONLY,541,Minors ONLYKansas
130,Kansas,Joint G/C ONLY,Minors ONLY,274,Minors ONLYKansas
131,Kansas,Conservatorship ONLY,Adults+Minors,186,Adults+MinorsKansas
132,Kentucky,G+C+Joint,Adults ONLY,1432,Adults ONLYKentucky
133,Kentucky,G+C+Joint,Adults ONLY,1493,Adults ONLYKentucky
134,Kentucky,G+C+Joint,Adults ONLY,1234,Adults ONLYKentucky
135,Massachusetts,Guardianship ONLY,Adults ONLY,3115,Adults ONLYMassachusetts
136,Massachusetts,Guardianship ONLY,Minors ONLY,2637,Minors ONLYMassachusetts
137,Massachusetts,Guardianship ONLY,Adults ONLY,4059,Adults ONLYMassachusetts
138,Massachusetts,Guardianship ONLY,Minors ONLY,4586,Minors ONLYMassachusetts
139,Massachusetts,Guardianship ONLY,Adults ONLY,4028,Adults ONLYMassachusetts
140,Massachusetts,Guardianship ONLY,Minors ONLY,4978,Minors ONLYMassachusetts
141,Michigan,Guardianship ONLY,Adults ONLY,9599,Adults ONLYMichigan
142,Michigan,Guardianship ONLY,Adults ONLY,0,Adults ONLYMichigan
143,Michigan,Conservatorship ONLY,Adults ONLY,3252,Adults ONLYMichigan
144,Michigan,Conservatorship ONLY,Adults ONLY,0,Adults ONLYMichigan
145,Michigan,Guardianship ONLY,Minors ONLY,2656,Minors ONLYMichigan
146,Michigan,Guardianship ONLY,Minors ONLY,0,Minors ONLYMichigan
147,Michigan,Conservatorship ONLY,Minors ONLY,712,Minors ONLYMichigan
148,Michigan,Conservatorship ONLY,Minors ONLY,0,Minors ONLYMichigan
149,Michigan,Guardianship ONLY,Adults ONLY,12655,Adults ONLYMichigan
150,Michigan,Guardianship ONLY,Adults ONLY,0,Adults ONLYMichigan
151,Michigan,Conservatorship ONLY,Adults ONLY,3401,Adults ONLYMichigan
152,Michigan,Conservatorship ONLY,Adults ONLY,0,Adults ONLYMichigan
153,Michigan,Guardianship ONLY,Minors ONLY,5145,Minors ONLYMichigan
154,Michigan,Guardianship ONLY,Minors ONLY,0,Minors ONLYMichigan
155,Michigan,Conservatorship ONLY,Minors ONLY,896,Minors ONLYMichigan
156,Michigan,Conservatorship ONLY,Minors ONLY,0,Minors ONLYMichigan
157,Michigan,Guardianship ONLY,Adults ONLY,12531,Adults ONLYMichigan
158,Michigan,Guardianship ONLY,Adults ONLY,0,Adults ONLYMichigan
159,Michigan,Conservatorship ONLY,Adults ONLY,3451,Adults ONLYMichigan
160,Michigan,Conservatorship ONLY,Adults ONLY,0,Adults ONLYMichigan
161,Michigan,Guardianship ONLY,Minors ONLY,3451,Minors ONLYMichigan
162,Michigan,Guardianship ONLY,Minors ONLY,0,Minors ONLYMichigan
163,Michigan,Conservatorship ONLY,Minors ONLY,902,Minors ONLYMichigan
164,Michigan,Conservatorship ONLY,Minors ONLY,0,Minors ONLYMichigan
165,Minnesota,G+C+Joint,Adults ONLY,2562,Adults ONLYMinnesota
166,Minnesota,G+C+Joint,Minors ONLY,191,Minors ONLYMinnesota
167,Minnesota,G+C+Joint,Adults ONLY,2658,Adults ONLYMinnesota
168,Minnesota,G+C+Joint,Minors ONLY,236,Minors ONLYMinnesota
169,Minnesota,G+C+Joint,Adults ONLY,2629,Adults ONLYMinnesota
170,Minnesota,G+C+Joint,Minors ONLY,246,Minors ONLYMinnesota
171,Mississippi,Guardianship ONLY,Adults ONLY,48,Adults ONLYMississippi
172,Mississippi,Joint G/C ONLY,Adults ONLY,99,Adults ONLYMississippi
173,Mississippi,Guardianship ONLY,Minors ONLY,583,Minors ONLYMississippi
174,Mississippi,Joint G/C ONLY,Minors ONLY,59,Minors ONLYMississippi
175,Mississippi,Joint G/C ONLY,Adults+Minors,72,Adults+MinorsMississippi
176,Mississippi,Guardianship ONLY,Adults+Minors,626,Adults+MinorsMississippi
177,Missouri,G+C+Joint,Adults ONLY,2901,Adults ONLYMissouri
178,Missouri,G+C+Joint,Minors ONLY,3992,Minors ONLYMissouri
179,Missouri,G+C+Joint,Adults ONLY,2922,Adults ONLYMissouri
180,Missouri,G+C+Joint,Minors ONLY,4200,Minors ONLYMissouri
181,Missouri,G+C+Joint,Adults ONLY,3077,Adults ONLYMissouri
182,Missouri,G+C+Joint,Minors ONLY,4439,Minors ONLYMissouri
183,Missouri,G+C+Joint,Adults ONLY,3183,Adults ONLYMissouri
184,Missouri,G+C+Joint,Minors ONLY,3183,Minors ONLYMissouri
185,Missouri,G+C+Joint,Adults ONLY,3062,Adults ONLYMissouri
186,Missouri,G+C+Joint,Minors ONLY,4499,Minors ONLYMissouri
187,Montana,G+C+Joint,Adults+Minors,1129,Adults+MinorsMontana
188,Montana,G+C+Joint,Adults+Minors,1160,Adults+MinorsMontana
189,Montana,G+C+Joint,Adults+Minors,1104,Adults+MinorsMontana
190,Montana,G+C+Joint,Adults+Minors,1105,Adults+MinorsMontana
191,Nebraska,G+C+Joint,Adults ONLY,2149,Adults ONLYNebraska
192,Nebraska,G+C+Joint,Adults ONLY,2109,Adults ONLYNebraska
193,Nebraska,G+C+Joint,Adults ONLY,2017,Adults ONLYNebraska
194,Nebraska,G+C+Joint,Adults ONLY,2002,Adults ONLYNebraska
195,Nebraska,G+C+Joint,Adults ONLY,1911,Adults ONLYNebraska
196,Nevada,G+C+Joint,Adults+Minors,2303,Adults+MinorsNevada
197,Nevada,G+C+Joint,Adults+Minors,1995,Adults+MinorsNevada
198,Nevada,G+C+Joint,Adults+Minors,2513,Adults+MinorsNevada
199,Nevada,G+C+Joint,Adults+Minors,2898,Adults+MinorsNevada
200,Nevada,G+C+Joint,Adults+Minors,2527,Adults+MinorsNevada
201,Nevada,G+C+Joint,Adults+Minors,1785,Adults+MinorsNevada
202,Nevada,G+C+Joint,Adults+Minors,2452,Adults+MinorsNevada
203,Nevada,G+C+Joint,Adults+Minors,2093,Adults+MinorsNevada
204,Nevada,G+C+Joint,Adults+Minors,2494,Adults+MinorsNevada
205,Nevada,G+C+Joint,Adults+Minors,1590,Adults+MinorsNevada
206,New Hampshire,G+C+Joint,Adults ONLY,957,Adults ONLYNew Hampshire
207,New Hampshire,G+C+Joint,Minors ONLY,131,Minors ONLYNew Hampshire
208,New Hampshire,G+C+Joint,Adults ONLY,945,Adults ONLYNew Hampshire
209,New Hampshire,G+C+Joint,Minors ONLY,90,Minors ONLYNew Hampshire
210,New Hampshire,G+C+Joint,Adults ONLY,959,Adults ONLYNew Hampshire
211,New Hampshire,G+C+Joint,Minors ONLY,110,Minors ONLYNew Hampshire
212,New Hampshire,G+C+Joint,Adults ONLY,951,Adults ONLYNew Hampshire
213,New Hampshire,G+C+Joint,Minors ONLY,129,Minors ONLYNew Hampshire
214,New Mexico,Guardianship ONLY,Adults ONLY,240,Adults ONLYNew Mexico
215,New Mexico,Guardianship ONLY,Adults ONLY,42,Adults ONLYNew Mexico
216,New Mexico,Conservatorship ONLY,Adults ONLY,18,Adults ONLYNew Mexico
217,New Mexico,Conservatorship ONLY,Adults ONLY,6,Adults ONLYNew Mexico
218,New Mexico,Joint G/C ONLY,Adults ONLY,327,Adults ONLYNew Mexico
219,New Mexico,Joint G/C ONLY,Adults ONLY,87,Adults ONLYNew Mexico
220,New Mexico,Guardianship ONLY,Minors ONLY,65,Minors ONLYNew Mexico
221,New Mexico,Guardianship ONLY,Minors ONLY,28,Minors ONLYNew Mexico
222,New Mexico,Conservatorship ONLY,Minors ONLY,30,Minors ONLYNew Mexico
223,New Mexico,Conservatorship ONLY,Minors ONLY,10,Minors ONLYNew Mexico
224,New Mexico,Joint G/C ONLY,Minors ONLY,25,Minors ONLYNew Mexico
225,New Mexico,Joint G/C ONLY,Minors ONLY,6,Minors ONLYNew Mexico
226,New Mexico,Guardianship ONLY,Adults ONLY,220,Adults ONLYNew Mexico
227,New Mexico,Guardianship ONLY,Adults ONLY,41,Adults ONLYNew Mexico
228,New Mexico,Conservatorship ONLY,Adults ONLY,16,Adults ONLYNew Mexico
229,New Mexico,Conservatorship ONLY,Adults ONLY,3,Adults ONLYNew Mexico
230,New Mexico,Joint G/C ONLY,Adults ONLY,315,Adults ONLYNew Mexico
231,New Mexico,Joint G/C ONLY,Adults ONLY,88,Adults ONLYNew Mexico
232,New Mexico,Guardianship ONLY,Minors ONLY,78,Minors ONLYNew Mexico
233,New Mexico,Guardianship ONLY,Minors ONLY,30,Minors ONLYNew Mexico
234,New Mexico,Conservatorship ONLY,Minors ONLY,15,Minors ONLYNew Mexico
235,New Mexico,Conservatorship ONLY,Minors ONLY,4,Minors ONLYNew Mexico
236,New Mexico,Joint G/C ONLY,Minors ONLY,41,Minors ONLYNew Mexico
237,New Mexico,Joint G/C ONLY,Minors ONLY,2,Minors ONLYNew Mexico
238,New Mexico,Guardianship ONLY,Adults ONLY,128,Adults ONLYNew Mexico
239,New Mexico,Guardianship ONLY,Adults ONLY,31,Adults ONLYNew Mexico
240,New Mexico,Conservatorship ONLY,Adults ONLY,21,Adults ONLYNew Mexico
241,New Mexico,Conservatorship ONLY,Adults ONLY,6,Adults ONLYNew Mexico
242,New Mexico,Joint G/C ONLY,Adults ONLY,285,Adults ONLYNew Mexico
243,New Mexico,Joint G/C ONLY,Adults ONLY,50,Adults ONLYNew Mexico
244,New Mexico,Guardianship ONLY,Minors ONLY,119,Minors ONLYNew Mexico
245,New Mexico,Guardianship ONLY,Minors ONLY,32,Minors ONLYNew Mexico
246,New Mexico,Conservatorship ONLY,Minors ONLY,17,Minors ONLYNew Mexico
247,New Mexico,Conservatorship ONLY,Minors ONLY,2,Minors ONLYNew Mexico
248,New Mexico,Joint G/C ONLY,Minors ONLY,25,Minors ONLYNew Mexico
249,New Mexico,Joint G/C ONLY,Minors ONLY,3,Minors ONLYNew Mexico
250,New York,G+C+Joint,Adults+Minors,18226,Adults+MinorsNew York
251,New York,G+C+Joint,Adults+Minors,26763,Adults+MinorsNew York
252,New York,G+C+Joint,Adults+Minors,26893,Adults+MinorsNew York
253,New York,G+C+Joint,Adults+Minors,28004,Adults+MinorsNew York
254,North Carolina,Guardianship ONLY,Adults+Minors,3152,Adults+MinorsNorth Carolina
255,North Carolina,Guardianship ONLY,Adults+Minors,452,Adults+MinorsNorth Carolina
256,North Carolina,Conservatorship ONLY,Adults+Minors,460,Adults+MinorsNorth Carolina
257,North Carolina,Conservatorship ONLY,Adults+Minors,632,Adults+MinorsNorth Carolina
258,North Carolina,Joint G/C ONLY,Adults+Minors,778,Adults+MinorsNorth Carolina
259,North Carolina,Joint G/C ONLY,Adults+Minors,251,Adults+MinorsNorth Carolina
260,North Carolina,Guardianship ONLY,Adults+Minors,2908,Adults+MinorsNorth Carolina
261,North Carolina,Guardianship ONLY,Adults+Minors,360,Adults+MinorsNorth Carolina
262,North Carolina,Conservatorship ONLY,Adults+Minors,377,Adults+MinorsNorth Carolina
263,North Carolina,Conservatorship ONLY,Adults+Minors,554,Adults+MinorsNorth Carolina
264,North Carolina,Joint G/C ONLY,Adults+Minors,690,Adults+MinorsNorth Carolina
265,North Carolina,Joint G/C ONLY,Adults+Minors,220,Adults+MinorsNorth Carolina
266,North Carolina,Guardianship ONLY,Adults+Minors,3327,Adults+MinorsNorth Carolina
267,North Carolina,Guardianship ONLY,Adults+Minors,397,Adults+MinorsNorth Carolina
268,North Carolina,Conservatorship ONLY,Adults+Minors,442,Adults+MinorsNorth Carolina
269,North Carolina,Conservatorship ONLY,Adults+Minors,602,Adults+MinorsNorth Carolina
270,North Carolina,Joint G/C ONLY,Adults+Minors,699,Adults+MinorsNorth Carolina
271,North Carolina,Joint G/C ONLY,Adults+Minors,226,Adults+MinorsNorth Carolina
272,North Carolina,Guardianship ONLY,Adults+Minors,3195,Adults+MinorsNorth Carolina
273,North Carolina,Guardianship ONLY,Adults+Minors,346,Adults+MinorsNorth Carolina
274,North Carolina,Conservatorship ONLY,Adults+Minors,470,Adults+MinorsNorth Carolina
275,North Carolina,Conservatorship ONLY,Adults+Minors,582,Adults+MinorsNorth Carolina
276,North Carolina,Joint G/C ONLY,Adults+Minors,675,Adults+MinorsNorth Carolina
277,North Carolina,Joint G/C ONLY,Adults+Minors,218,Adults+MinorsNorth Carolina
278,North Carolina,Guardianship ONLY,Adults+Minors,3108,Adults+MinorsNorth Carolina
279,North Carolina,Guardianship ONLY,Adults+Minors,320,Adults+MinorsNorth Carolina
280,North Carolina,Conservatorship ONLY,Adults+Minors,460,Adults+MinorsNorth Carolina
281,North Carolina,Conservatorship ONLY,Adults+Minors,510,Adults+MinorsNorth Carolina
282,North Carolina,Joint G/C ONLY,Adults+Minors,712,Adults+MinorsNorth Carolina
283,North Carolina,Joint G/C ONLY,Adults+Minors,161,Adults+MinorsNorth Carolina
284,North Dakota,Conservatorship ONLY,Adults ONLY,11,Adults ONLYNorth Dakota
285,North Dakota,Conservatorship ONLY,Minors ONLY,20,Minors ONLYNorth Dakota
286,North Dakota,Guardianship ONLY,Adults ONLY,317,Adults ONLYNorth Dakota
287,North Dakota,Guardianship ONLY,Minors ONLY,280,Minors ONLYNorth Dakota
288,North Dakota,Conservatorship ONLY,Adults ONLY,9,Adults ONLYNorth Dakota
289,North Dakota,Conservatorship ONLY,Minors ONLY,30,Minors ONLYNorth Dakota
290,North Dakota,Guardianship ONLY,Adults ONLY,314,Adults ONLYNorth Dakota
291,North Dakota,Guardianship ONLY,Minors ONLY,267,Minors ONLYNorth Dakota
292,North Dakota,Conservatorship ONLY,Adults ONLY,14,Adults ONLYNorth Dakota
293,North Dakota,Conservatorship ONLY,Minors ONLY,24,Minors ONLYNorth Dakota
294,North Dakota,Guardianship ONLY,Adults ONLY,344,Adults ONLYNorth Dakota
295,North Dakota,Guardianship ONLY,Minors ONLY,324,Minors ONLYNorth Dakota
296,Ohio,Guardianship ONLY,Adults ONLY,5837,Adults ONLYOhio
297,Ohio,Guardianship ONLY,Minors ONLY,1396,Minors ONLYOhio
298,Ohio,Guardianship ONLY,Adults ONLY,6991,Adults ONLYOhio
299,Ohio,Guardianship ONLY,Minors ONLY,1801,Minors ONLYOhio
300,Ohio,Guardianship ONLY,Adults ONLY,6762,Adults ONLYOhio
301,Ohio,Guardianship ONLY,Minors ONLY,1869,Minors ONLYOhio
302,Ohio,Guardianship ONLY,Adults ONLY,6864,Adults ONLYOhio
303,Ohio,Guardianship ONLY,Minors ONLY,2159,Minors ONLYOhio
304,Ohio,Guardianship ONLY,Adults ONLY,6911,Adults ONLYOhio
305,Ohio,Guardianship ONLY,Minors ONLY,2262,Minors ONLYOhio
306,Oregon,G+C+Joint,Adults ONLY,1355,Adults ONLYOregon
307,Oregon,G+C+Joint,Minors ONLY,701,Minors ONLYOregon
308,Oregon,G+C+Joint,Adults ONLY,1355,Adults ONLYOregon
309,Oregon,G+C+Joint,Minors ONLY,785,Minors ONLYOregon
310,Oregon,G+C+Joint,Adults ONLY,1338,Adults ONLYOregon
311,Oregon,G+C+Joint,Minors ONLY,875,Minors ONLYOregon
312,Oregon,G+C+Joint,Adults ONLY,1426,Adults ONLYOregon
313,Oregon,G+C+Joint,Minors ONLY,854,Minors ONLYOregon
314,Oregon,G+C+Joint,Adults ONLY,1441,Adults ONLYOregon
315,Oregon,G+C+Joint,Minors ONLY,804,Minors ONLYOregon
316,Oregon,Guardianship ONLY,Ambiguous,12,AmbiguousOregon
317,Oregon,Conservatorship ONLY,Ambiguous,7,AmbiguousOregon
318,Oregon,G+C+Joint,Ambiguous,5,AmbiguousOregon
319,Pennsylvania,G+C+Joint,Adults ONLY,3304,Adults ONLYPennsylvania
320,Pennsylvania,G+C+Joint,Adults ONLY,3415,Adults ONLYPennsylvania
321,Pennsylvania,G+C+Joint,Adults ONLY,3247,Adults ONLYPennsylvania
322,Tennessee,G+C+Joint,Adults+Minors,3274,Adults+MinorsTennessee
323,Tennessee,G+C+Joint,Adults+Minors,3754,Adults+MinorsTennessee
324,Tennessee,G+C+Joint,Adults+Minors,3564,Adults+MinorsTennessee
325,Tennessee,G+C+Joint,Adults+Minors,3580,Adults+MinorsTennessee
326,Tennessee,G+C+Joint,Adults+Minors,3259,Adults+MinorsTennessee
327,Utah,Conservatorship ONLY,Ambiguous,103,AmbiguousUtah
328,Utah,Guardianship ONLY,Adults ONLY,860,Adults ONLYUtah
329,Utah,Guardianship ONLY,Minors ONLY,886,Minors ONLYUtah
330,Utah,Conservatorship ONLY,Ambiguous,170,AmbiguousUtah
331,Utah,Guardianship ONLY,Adults ONLY,823,Adults ONLYUtah
332,Utah,Guardianship ONLY,Minors ONLY,1002,Minors ONLYUtah
333,Utah,Conservatorship ONLY,Ambiguous,160,AmbiguousUtah
334,Utah,Guardianship ONLY,Adults ONLY,739,Adults ONLYUtah
335,Utah,Guardianship ONLY,Minors ONLY,1020,Minors ONLYUtah
336,Utah,Conservatorship ONLY,Ambiguous,130,AmbiguousUtah
337,Utah,Guardianship ONLY,Adults ONLY,732,Adults ONLYUtah
338,Utah,Guardianship ONLY,Minors ONLY,1038,Minors ONLYUtah
339,Utah,Conservatorship ONLY,Ambiguous,161,AmbiguousUtah
340,Utah,Guardianship ONLY,Adults+Minors,1743,Adults+MinorsUtah
341,Vermont,G+C+Joint,Adults ONLY,439,Adults ONLYVermont
342,Vermont,G+C+Joint,Minors ONLY,305,Minors ONLYVermont
343,Vermont,G+C+Joint,Adults ONLY,512,Adults ONLYVermont
344,Vermont,G+C+Joint,Minors ONLY,440,Minors ONLYVermont
345,Vermont,G+C+Joint,Adults ONLY,493,Adults ONLYVermont
346,Vermont,G+C+Joint,Minors ONLY,457,Minors ONLYVermont
347,Vermont,G+C+Joint,Adults ONLY,505,Adults ONLYVermont
348,Vermont,G+C+Joint,Minors ONLY,440,Minors ONLYVermont
349,Vermont,G+C+Joint,Adults ONLY,41,Adults ONLYVermont
350,Vermont,G+C+Joint,Minors ONLY,430,Minors ONLYVermont
351,Virginia,Guardianship ONLY,Adults ONLY,610,Adults ONLYVirginia
352,Virginia,Conservatorship ONLY,Adults ONLY,275,Adults ONLYVirginia
353,Virginia,Joint G/C ONLY,Adults ONLY,1803,Adults ONLYVirginia
354,Virginia,Guardianship ONLY,Adults ONLY,789,Adults ONLYVirginia
355,Virginia,Conservatorship ONLY,Adults ONLY,277,Adults ONLYVirginia
356,Virginia,Joint G/C ONLY,Adults ONLY,1729,Adults ONLYVirginia
357,Virginia,Guardianship ONLY,Adults ONLY,759,Adults ONLYVirginia
358,Virginia,Conservatorship ONLY,Adults ONLY,285,Adults ONLYVirginia
359,Virginia,Joint G/C ONLY,Adults ONLY,1719,Adults ONLYVirginia
360,Virginia,Guardianship ONLY,Adults ONLY,683,Adults ONLYVirginia
361,Virginia,Conservatorship ONLY,Adults ONLY,263,Adults ONLYVirginia
362,Virginia,Joint G/C ONLY,Adults ONLY,1686,Adults ONLYVirginia
363,Virginia,Guardianship ONLY,Adults ONLY,631,Adults ONLYVirginia
364,Virginia,Conservatorship ONLY,Adults ONLY,236,Adults ONLYVirginia
365,Virginia,Joint G/C ONLY,Adults ONLY,1644,Adults ONLYVirginia
366,Washington,G+C+Joint,Adults ONLY,2824,Adults ONLYWashington
367,Washington,G+C+Joint,Adults ONLY,2987,Adults ONLYWashington
368,Washington,G+C+Joint,Adults ONLY,2801,Adults ONLYWashington
369,Washington,G+C+Joint,Adults ONLY,3005,Adults ONLYWashington
370,West Virginia,G+C+Joint,Ambiguous,718,AmbiguousWest Virginia
371,West Virginia,G+C+Joint,Ambiguous,894,AmbiguousWest Virginia
372,West Virginia,G+C+Joint,Ambiguous,826,AmbiguousWest Virginia
373,West Virginia,G+C+Joint,Ambiguous,828,AmbiguousWest Virginia
374,West Virginia,G+C+Joint,Ambiguous,752,AmbiguousWest Virginia
375,Wisconsin,G+C+Joint,Adults+Minors,5624,Adults+MinorsWisconsin
376,Wisconsin,G+C+Joint,Adults+Minors,6051,Adults+MinorsWisconsin
377,Wisconsin,G+C+Joint,Adults+Minors,6180,Adults+MinorsWisconsin
378,Wisconsin,G+C+Joint,Adults+Minors,6196,Adults+MinorsWisconsin
379,Wisconsin,G+C+Joint,Adults+Minors,6030,Adults+MinorsWisconsin
